{
    "Single Line": {
        "type": "text"
    },
    "Multi-line": {
        "type": "textarea"
    },
    "Dropdown": {
        "type": "picklist"
    },
    "Multi-select Dropdown": {
        "type": "list"
    },
    "Checkbox": {
        "type": "checkboxes"
    },
    "Auto Number": {
        "type": "autonumber"
    },
    "Date": {
        "type": "date"
    },
    "Date-Time": {
        "type": "datetime"
    },
    "Decimal": {
        "type": "number"
    },
    "Currency": {
        "type": "INR",
        "format": "commadotindian"
    },
    "Number": {
        "type": "number"
    },
    "Email": {
        "type": "email"
    },
    "Phone": {
        "type": "phonenumber"
    },
    "Image Upload": {
        "type": "upload file"
    },
    "File Upload": {
        "type": "upload file"
    },
    "Percent": {
        "type": "percentage"
    },
    "URL": {
        "type": "url"
    }
}